N,mean_fidelity_old,std_trials_old,mean_trials_new,std_trials_new
2,0.9464461302505847,0.0008764930339379888,0.9319050644561715,0.002629355894507877
4,0.8626074178041783,0.003963535691902913,0.8859564950555295,0.004061189429540554
