N,mean_fidelity_old,std_fidelity_old,mean_fidelity_new,std_fidelity_new
2,0.24758198630823033,0.03918122629742052,0.26397012635242906,0.07490310289837203
4,0.2664087326013633,0.023065188161112436,0.2625368298845806,0.06533890493835243
8,0.3410225573778594,0.012543384565520073,0.26799229115663753,0.058865192419366524
16,0.41628633932719117,0.009623566922591937,0.3108352735462464,0.03788238348205916
32,0.48985806059066517,0.012554785487951683,0.35482811791093277,0.024757638718385534
